Metric,Value
Loss,2.302889108657837
Accuracy,0.10010000318288803
Recall,0.1001
Precision,0.035006003602161294
F1-Score,0.018390944136859873
